uniqname,name
student1,Stu Dent 1
student2,Stu Dent 2
student3,Stu Dent 3
student4,Stu Dent 4
student5,Stu Dent 5
student6,Stu Dent 6
student7,Stu Dent 7
student8,Stu Dent 8
student9,Stu Dent 9
student10,Stu Dent 10
student11,Stu Dent 11
student12,Stu Dent 12
student13,Stu Dent 13
student14,Stu Dent 14
student15,Stu Dent 15
student16,Stu Dent 16
student17,Stu Dent 17
student18,Stu Dent 18
student19,Stu Dent 19
student20,Stu Dent 20
student21,Stu Dent 21
student22,Stu Dent 22
student23,Stu Dent 23
student24,Stu Dent 24
student25,Stu Dent 25
student26,Stu Dent 26
student27,Stu Dent 27
student28,Stu Dent 28
student29,Stu Dent 29
student30,Stu Dent 30
student31,Stu Dent 31
student32,Stu Dent 32
student33,Stu Dent 33
student34,Stu Dent 34
student35,Stu Dent 35
student36,Stu Dent 36
student37,Stu Dent 37
student38,Stu Dent 38
student39,Stu Dent 39
student40,Stu Dent 40
student41,Stu Dent 41
student42,Stu Dent 42
student43,Stu Dent 43
student44,Stu Dent 44
student45,Stu Dent 45
student46,Stu Dent 46
student47,Stu Dent 47
student48,Stu Dent 48
student49,Stu Dent 49
student50,Stu Dent 50
student51,Stu Dent 51
student52,Stu Dent 52
student53,Stu Dent 53
student54,Stu Dent 54
student55,Stu Dent 55
student56,Stu Dent 56
student57,Stu Dent 57
student58,Stu Dent 58
student59,Stu Dent 59
student60,Stu Dent 60
student61,Stu Dent 61
student62,Stu Dent 62
student63,Stu Dent 63
student64,Stu Dent 64
student65,Stu Dent 65
student66,Stu Dent 66
student67,Stu Dent 67
student68,Stu Dent 68
student69,Stu Dent 69
student70,Stu Dent 70
student71,Stu Dent 71
student72,Stu Dent 72
student73,Stu Dent 73
student74,Stu Dent 74
student75,Stu Dent 75
student76,Stu Dent 76
student77,Stu Dent 77
student78,Stu Dent 78
student79,Stu Dent 79
student80,Stu Dent 80
student81,Stu Dent 81
student82,Stu Dent 82
student83,Stu Dent 83
student84,Stu Dent 84
student85,Stu Dent 85
student86,Stu Dent 86
student87,Stu Dent 87
student88,Stu Dent 88
student89,Stu Dent 89
student90,Stu Dent 90
student91,Stu Dent 91
student92,Stu Dent 92
student93,Stu Dent 93
student94,Stu Dent 94
student95,Stu Dent 95
student96,Stu Dent 96
student97,Stu Dent 97
student98,Stu Dent 98
student99,Stu Dent 99
student100,Stu Dent 100